{"cameraMode":{"drawMode":0,"name":"Shaded","section":"Shading Mode"},"sceneLighting":true,"audioPlay":false,"sceneViewState":{"showFog":true,"showMaterialUpdate":false,"showSkybox":true,"showFlares":true,"showImageEffects":true,"showParticleSystems":true},"in2DMode":false,"pivot":{"x":-0.6189798712730408,"y":2.333108901977539,"z":-4.34512996673584},"rotation":{"x":-0.540722131729126,"y":0.035275060683488849,"z":-0.02273993194103241,"w":-0.84025639295578},"size":10.449999809265137,"orthographic":false}