{"cameraMode":{"drawMode":0,"name":"Shaded","section":"Shading Mode"},"sceneLighting":true,"audioPlay":false,"sceneViewState":{"showFog":true,"showMaterialUpdate":false,"showSkybox":true,"showFlares":true,"showImageEffects":true,"showParticleSystems":true},"in2DMode":false,"pivot":{"x":-4.294809818267822,"y":9.046337127685547,"z":-7.223239421844482},"rotation":{"x":-0.36653363704681399,"y":-0.3599296510219574,"z":0.15627822279930116,"w":-0.8436895608901978},"size":1.2845633029937745,"orthographic":false}