{"cameraMode":{"drawMode":0,"name":"Shaded","section":"Shading Mode"},"sceneLighting":true,"audioPlay":false,"sceneViewState":{"showFog":true,"showMaterialUpdate":false,"showSkybox":true,"showFlares":true,"showImageEffects":true,"showParticleSystems":true},"in2DMode":false,"pivot":{"x":-3.054715633392334,"y":-7.488833904266357,"z":4.517115116119385},"rotation":{"x":0.4703456163406372,"y":-0.025144454091787339,"z":0.013408598490059376,"w":0.8820239901542664},"size":33.0823974609375,"orthographic":false}